                  epoch,         train/box_loss,         train/cls_loss,         train/dfl_loss,   metrics/precision(B),      metrics/recall(B),       metrics/mAP50(B),    metrics/mAP50-95(B),           val/box_loss,           val/cls_loss,           val/dfl_loss,                 lr/pg0,                 lr/pg1,                 lr/pg2
                      1,                 1.2051,                 2.6696,                 1.3075,                0.71596,                0.46188,                0.50818,                0.35344,                  1.137,                 2.4256,                 1.0826,             0.00019375,             0.00019375,             0.00019375
                      2,                0.94683,                 1.1762,                 1.0922,                0.77657,                0.53886,                0.63657,                0.44193,                 1.0914,                 1.3999,                  1.071,             0.00039336,             0.00039336,             0.00039336
                      3,                0.89608,                0.96425,                 1.0557,                0.74313,                0.64902,                0.69756,                0.49245,                 1.0749,                 1.1589,                 1.0519,             0.00059257,             0.00059257,             0.00059257
                      4,                0.86028,                0.89733,                 1.0382,                0.77909,                0.70264,                0.72994,                0.52214,                  1.094,                 1.0409,                 1.0779,             0.00062314,             0.00062314,             0.00062314
                      5,                0.81362,                0.80959,                 1.0178,                0.83301,                0.76376,                0.79294,                0.56103,                 1.0636,                0.94418,                 1.0598,             0.00062314,             0.00062314,             0.00062314
                      6,                0.81439,                0.75431,                 1.0152,                0.84846,                0.73874,                0.81559,                 0.5893,                 1.0517,                0.86923,                 1.0349,             0.00062253,             0.00062253,             0.00062253
                      7,                0.79354,                0.72563,                 1.0134,                0.79559,                 0.7956,                0.82471,                0.59376,                 1.0027,                0.85955,                 1.0269,             0.00062191,             0.00062191,             0.00062191
                      8,                0.78222,                 0.6829,                 1.0054,                 0.8424,                0.79542,                0.84359,                0.60107,                  1.018,                0.83373,                 1.0418,             0.00062129,             0.00062129,             0.00062129
                      9,                0.76366,                0.65664,                0.99913,                0.80259,                0.77327,                0.82271,                0.60589,                 1.0081,                0.80639,                   1.03,             0.00062067,             0.00062067,             0.00062067
                     10,                0.75874,                0.65149,                0.99896,                0.84268,                0.80756,                 0.8434,                0.61092,                 1.0089,                 0.7952,                 1.0231,             0.00062005,             0.00062005,             0.00062005
                     11,                0.75285,                0.64084,                0.98959,                0.85695,                0.80888,                0.84697,                0.61339,                 1.0088,                0.81228,                 1.0249,             0.00061943,             0.00061943,             0.00061943
                     12,                0.75307,                0.62272,                0.98391,                0.86448,                0.76245,                0.83077,                0.60908,                 1.0108,                0.81786,                 1.0223,             0.00061881,             0.00061881,             0.00061881
                     13,                0.72241,                0.60377,                0.97634,                0.84442,                0.76845,                0.82389,                0.60948,                0.97852,                0.78106,                0.98946,             0.00061819,             0.00061819,             0.00061819
                     14,                0.73842,                0.61356,                0.98161,                0.85335,                0.78886,                 0.8405,                0.61736,                0.99058,                0.81865,                 1.0066,             0.00061757,             0.00061757,             0.00061757
                     15,                0.73852,                0.60856,                0.98719,                0.84759,                0.81926,                0.84939,                0.62797,                0.98834,                0.78881,                 1.0135,             0.00061696,             0.00061696,             0.00061696
                     16,                 0.7319,                0.59283,                0.97647,                0.82703,                0.82636,                0.85611,                0.62748,                 0.9754,                0.77287,                 1.0022,             0.00061634,             0.00061634,             0.00061634
                     17,                0.71952,                0.58566,                0.97247,                0.83827,                0.82749,                0.84996,                0.62115,                0.96618,                0.78872,                 1.0049,             0.00061572,             0.00061572,             0.00061572
                     18,                0.72473,                0.59086,                0.97354,                0.79345,                0.82857,                 0.8378,                0.61888,                 0.9669,                 0.8077,                 1.0022,              0.0006151,              0.0006151,              0.0006151
                     19,                0.71391,                0.59433,                0.97462,                0.87221,                0.81081,                0.84886,                0.62632,                0.98066,                0.77262,                 1.0223,             0.00061448,             0.00061448,             0.00061448
                     20,                0.70168,                0.56542,                0.96659,                 0.8185,                0.81496,                0.84921,                0.63658,                0.95578,                0.75721,                 1.0071,             0.00061386,             0.00061386,             0.00061386
                     21,                0.69867,                 0.5559,                0.96094,                0.80756,                0.85246,                0.85916,                0.63742,                0.99379,                0.73746,                 1.0347,             0.00061324,             0.00061324,             0.00061324
                     22,                0.70092,                0.55197,                0.95812,                0.85505,                0.83401,                0.86838,                0.65959,                0.96003,                0.73511,                 1.0099,             0.00061262,             0.00061262,             0.00061262
                     23,                0.69328,                0.54832,                0.96126,                0.87158,                0.81395,                0.85604,                0.63589,                0.97883,                0.77414,                 1.0205,             0.00061201,             0.00061201,             0.00061201
                     24,                0.68122,                 0.5318,                0.96603,                0.86538,                0.80554,                0.86033,                0.63472,                0.98122,                0.78039,                 1.0132,             0.00061139,             0.00061139,             0.00061139
                     25,                0.70426,                0.54558,                0.95834,                0.86027,                0.82654,                0.87147,                0.64223,                0.96615,                0.74382,                 1.0081,             0.00061077,             0.00061077,             0.00061077
                     26,                0.69208,                0.53401,                0.96082,                0.83407,                0.82675,                0.85981,                0.64315,                0.97208,                0.75715,                 1.0098,             0.00061015,             0.00061015,             0.00061015
                     27,                 0.6705,                0.52329,                0.95096,                0.82203,                 0.8419,                0.86502,                0.64903,                0.95751,                0.72512,                 1.0106,             0.00060953,             0.00060953,             0.00060953
                     28,                0.67341,                0.52486,                0.95724,                0.84631,                0.86537,                0.87779,                0.64634,                0.95201,                0.71713,                 1.0052,             0.00060891,             0.00060891,             0.00060891
                     29,                0.67972,                0.53089,                0.96148,                0.89586,                 0.8288,                0.86968,                0.64309,                0.97072,                0.74343,                 1.0015,             0.00060829,             0.00060829,             0.00060829
                     30,                 0.6702,                0.51056,                0.94824,                0.84268,                0.84004,                0.86042,                0.64704,                0.96204,                0.72046,                 1.0007,             0.00060768,             0.00060768,             0.00060768
                     31,                0.65681,                0.51117,                0.94361,                0.87241,                0.82236,                0.86776,                0.64851,                0.95481,                0.73829,                 1.0036,             0.00060706,             0.00060706,             0.00060706
                     32,                0.66815,                0.52336,                0.95317,                0.91124,                0.79632,                0.86271,                0.63973,                0.96879,                0.75825,                 1.0264,             0.00060644,             0.00060644,             0.00060644
                     33,                0.66119,                 0.5194,                0.95473,                0.85126,                0.82929,                0.86564,                0.64464,                0.96731,                0.73199,                 1.0101,             0.00060582,             0.00060582,             0.00060582
                     34,                0.65321,                0.51691,                0.94451,                0.83323,                0.84393,                0.86249,                0.64529,                0.97344,                0.75925,                 1.0196,              0.0006052,              0.0006052,              0.0006052
                     35,                 0.6553,                0.50561,                0.94604,                0.83944,                0.82794,                0.85244,                0.63887,                0.95194,                0.73181,                 1.0032,             0.00060458,             0.00060458,             0.00060458
                     36,                0.65014,                0.49358,                0.94141,                0.85297,                0.82819,                0.86802,                0.64477,                0.97233,                0.75829,                 1.0138,             0.00060396,             0.00060396,             0.00060396
                     37,                0.66165,                0.50502,                0.94529,                0.83641,                0.84519,                0.85727,                0.62243,                0.96577,                0.72056,                  1.019,             0.00060334,             0.00060334,             0.00060334
                     38,                0.66415,                0.50715,                0.94651,                0.85432,                0.83606,                 0.8575,                0.62941,                 0.9644,                0.68573,                 1.0138,             0.00060273,             0.00060273,             0.00060273
                     39,                0.65667,                0.50761,                0.95036,                0.85249,                0.83933,                0.88568,                0.64609,                0.96135,                0.70246,                 1.0081,             0.00060211,             0.00060211,             0.00060211
                     40,                 0.6495,                0.49543,                0.95086,                0.85387,                0.81764,                0.86908,                0.63876,                0.96914,                0.74334,                 1.0192,             0.00060149,             0.00060149,             0.00060149
                     41,                0.67099,                0.49975,                0.94921,                 0.8689,                0.81902,                0.88066,                0.64671,                0.97085,                0.69545,                 1.0279,             0.00060087,             0.00060087,             0.00060087
                     42,                0.65678,                0.51059,                0.94486,                0.88194,                0.79935,                0.86547,                 0.6428,                 0.9466,                0.73924,                 1.0065,             0.00060025,             0.00060025,             0.00060025
                     43,                0.64069,                0.48404,                0.94066,                 0.8665,                0.81208,                0.86869,                0.65027,                0.94026,                0.72098,                0.99973,             0.00059963,             0.00059963,             0.00059963
                     44,                0.63225,                0.47834,                0.93999,                0.83016,                 0.8469,                0.86612,                0.63291,                0.96386,                0.74504,                 1.0052,             0.00059901,             0.00059901,             0.00059901
                     45,                0.63361,                0.48035,                0.93429,                0.80927,                0.87452,                0.87388,                0.65727,                0.93221,                0.72524,                0.98937,             0.00059839,             0.00059839,             0.00059839
                     46,                0.62693,                0.47376,                0.92961,                0.84378,                 0.8209,                 0.8705,                0.64859,                0.95013,                0.73576,                 1.0034,             0.00059777,             0.00059777,             0.00059777
                     47,                0.63883,                0.46892,                0.92995,                 0.8171,                0.86238,                0.87325,                 0.6632,                0.94494,                 0.7099,                 1.0021,             0.00059716,             0.00059716,             0.00059716
                     48,                0.63289,                0.47494,                0.93443,                0.85778,                0.81928,                  0.875,                0.65762,                 0.9474,                0.69395,                0.99724,             0.00059654,             0.00059654,             0.00059654
                     49,                 0.6363,                 0.4704,                0.93564,                 0.8257,                0.85583,                0.86993,                0.66142,                0.93904,                0.69398,                0.98863,             0.00059592,             0.00059592,             0.00059592
                     50,                0.62826,                0.47533,                0.93578,                0.84296,                0.84016,                0.86719,                 0.6576,                0.92829,                0.71936,                0.98752,              0.0005953,              0.0005953,              0.0005953
                     51,                0.60318,                0.45661,                0.92118,                0.84322,                0.82587,                0.87036,                0.66198,                0.93897,                 0.6953,                0.99805,             0.00059468,             0.00059468,             0.00059468
                     52,                0.61993,                0.45914,                0.93162,                0.82682,                0.87063,                0.87445,                 0.6605,                0.91705,                0.67994,                0.98609,             0.00059406,             0.00059406,             0.00059406
                     53,                0.62349,                0.46773,                0.92893,                0.85486,                 0.8391,                0.87432,                0.64272,                0.95334,                0.69543,                  1.012,             0.00059344,             0.00059344,             0.00059344
                     54,                0.62055,                0.45934,                0.92812,                 0.8185,                 0.8633,                0.87341,                0.64993,                0.95969,                0.70532,                 1.0195,             0.00059282,             0.00059282,             0.00059282
                     55,                0.61227,                0.45059,                0.92575,                0.83704,                 0.8614,                0.88341,                0.66188,                0.94362,                0.67167,                 1.0035,             0.00059221,             0.00059221,             0.00059221
                     56,                 0.6129,                0.45693,                0.92969,                0.84385,                0.83417,                0.88135,                 0.6663,                0.93502,                0.66408,                0.99801,             0.00059159,             0.00059159,             0.00059159
                     57,                0.62158,                0.46295,                0.93517,                 0.8889,                0.83908,                0.88186,                0.67092,                0.91983,                0.66809,                0.99205,             0.00059097,             0.00059097,             0.00059097
                     58,                0.60841,                0.44651,                0.92412,                0.90036,                0.82549,                0.87591,                0.66641,                0.93532,                0.69166,                0.99722,             0.00059035,             0.00059035,             0.00059035
                     59,                0.60919,                0.45212,                0.92432,                0.85633,                0.83773,                0.87755,                0.65613,                0.94323,                0.70424,                0.99847,             0.00058973,             0.00058973,             0.00058973
                     60,                0.61985,                0.45734,                0.92787,                0.84644,                0.84649,                0.88242,                0.66518,                0.93542,                0.69484,                 0.9987,             0.00058911,             0.00058911,             0.00058911
                     61,                 0.6072,                 0.4499,                0.93232,                0.90305,                0.80293,                0.86779,                 0.6647,                0.92546,                0.70319,                 0.9924,             0.00058849,             0.00058849,             0.00058849
                     62,                0.61081,                0.45203,                0.93389,                0.83936,                0.84379,                0.87582,                0.66403,                0.92623,                0.67264,                0.97584,             0.00058787,             0.00058787,             0.00058787
                     63,                0.60757,                0.46115,                0.93018,                 0.8415,                 0.8501,                 0.8693,                0.66603,                0.93888,                0.66515,                0.99972,             0.00058726,             0.00058726,             0.00058726
                     64,                  0.611,                0.45048,                0.92435,                0.81086,                0.83953,                0.85753,                 0.6454,                0.94211,                0.72728,                 0.9954,             0.00058664,             0.00058664,             0.00058664
                     65,                0.60067,                0.43447,                0.91666,                0.83032,                0.84515,                0.86037,                0.64612,                0.95012,                0.73353,                 1.0051,             0.00058602,             0.00058602,             0.00058602
                     66,                0.58589,                0.43116,                0.91613,                  0.846,                0.83395,                0.87156,                0.66706,                0.94261,                0.70155,                  1.003,              0.0005854,              0.0005854,              0.0005854
                     67,                0.59951,                0.43906,                0.91828,                0.83321,                0.85103,                 0.8693,                0.64638,                0.93399,                0.76343,                0.99666,             0.00058478,             0.00058478,             0.00058478
                     68,                0.59024,                0.42663,                 0.9176,                0.83596,                0.82733,                0.85998,                0.65089,                0.95245,                0.71585,                 1.0119,             0.00058416,             0.00058416,             0.00058416
                     69,                0.59474,                0.43543,                0.92319,                0.84702,                0.82168,                0.86023,                0.65263,                0.95005,                0.69929,                 1.0141,             0.00058354,             0.00058354,             0.00058354
                     70,                0.59489,                0.42645,                0.91603,                0.83358,                0.83007,                0.86171,                0.65573,                0.93805,                 0.7139,                 1.0098,             0.00058292,             0.00058292,             0.00058292
                     71,                0.59298,                0.43188,                0.92501,                0.87637,                0.82694,                0.86822,                0.66856,                0.91631,                0.71408,                0.98309,             0.00058231,             0.00058231,             0.00058231
                     72,                0.59914,                0.43521,                 0.9193,                0.88328,                0.81547,                0.87647,                0.66479,                0.94511,                 0.6809,                0.99089,             0.00058169,             0.00058169,             0.00058169
                     73,                0.59203,                0.43306,                0.91571,                0.85541,                 0.8204,                0.87528,                0.65328,                0.97148,                0.71849,                 1.0166,             0.00058107,             0.00058107,             0.00058107
                     74,                0.59485,                0.43591,                0.92521,                0.85105,                 0.8162,                0.85934,                0.65943,                0.93069,                0.69496,                 1.0046,             0.00058045,             0.00058045,             0.00058045
                     75,                0.58161,                0.42418,                0.91407,                 0.8439,                0.85487,                0.86992,                0.66005,                0.94881,                0.70249,                 1.0082,             0.00057983,             0.00057983,             0.00057983
                     76,                0.59629,                0.43443,                0.91823,                0.84571,                0.85312,                0.87649,                 0.6636,                0.95054,                0.68287,                 1.0092,             0.00057921,             0.00057921,             0.00057921
                     77,                0.58612,                0.42418,                0.90851,                0.83356,                0.80925,                0.85786,                 0.6557,                0.94648,                0.70623,                 1.0105,             0.00057859,             0.00057859,             0.00057859
                     78,                0.58075,                0.42752,                0.91823,                0.84089,                0.83104,                0.86066,                 0.6619,                0.93749,                0.70014,                 1.0168,             0.00057797,             0.00057797,             0.00057797
                     79,                0.58002,                0.42245,                0.91139,                0.84022,                0.82549,                0.86717,                0.65499,                0.96379,                0.71089,                 1.0121,             0.00057736,             0.00057736,             0.00057736
                     80,                0.58398,                0.42008,                0.91568,                0.83921,                0.85679,                0.87346,                0.65834,                 0.9628,                0.71661,                 1.0214,             0.00057674,             0.00057674,             0.00057674
                     81,                0.58186,                0.41807,                0.91112,                0.85944,                0.82004,                0.87473,                0.66739,                0.93961,                0.68234,                 1.0011,             0.00057612,             0.00057612,             0.00057612
                     82,                0.58017,                0.41035,                0.91416,                0.83239,                 0.8542,                0.87303,                0.66196,                0.92045,                0.68669,                0.98646,              0.0005755,              0.0005755,              0.0005755
                     83,                0.57985,                0.42425,                0.91641,                0.84953,                0.84486,                0.86832,                0.66006,                0.93437,                0.69348,                 1.0019,             0.00057488,             0.00057488,             0.00057488
                     84,                 0.5752,                0.41585,                0.90839,                0.87558,                0.80389,                0.86061,                0.65002,                0.96148,                0.73493,                 1.0153,             0.00057426,             0.00057426,             0.00057426
                     85,                0.56324,                0.41048,                0.90826,                0.85938,                0.81735,                0.87115,                 0.6605,                0.95539,                0.68449,                 1.0183,             0.00057364,             0.00057364,             0.00057364
                     86,                 0.5783,                0.41952,                0.91303,                0.83367,                0.83784,                0.85812,                0.64468,                0.95051,                0.73965,                 1.0241,             0.00057303,             0.00057303,             0.00057303
                     87,                 0.5647,                0.41143,                0.90654,                0.87339,                0.81125,                0.86739,                0.64953,                0.93169,                0.71522,                  1.011,             0.00057241,             0.00057241,             0.00057241
                     88,                0.56627,                0.41105,                0.90775,                0.85723,                0.81573,                 0.8689,                0.65776,                0.91937,                0.70231,                 1.0032,             0.00057179,             0.00057179,             0.00057179
                     89,                0.57549,                 0.4084,                0.91158,                0.86963,                0.81627,                0.86458,                0.66649,                0.92477,                 0.7257,                 1.0014,             0.00057117,             0.00057117,             0.00057117
                     90,                0.56567,                 0.4064,                0.90156,                0.87049,                0.81482,                0.86637,                0.65762,                0.94024,                0.72351,                 1.0159,             0.00057055,             0.00057055,             0.00057055
                     91,                 0.5834,                0.42388,                0.91376,                0.85752,                0.82365,                 0.8627,                0.64258,                0.93383,                0.72086,                 1.0033,             0.00056993,             0.00056993,             0.00056993
                     92,                0.57324,                0.40655,                0.90382,                0.86711,                0.81881,                0.87614,                 0.6478,                0.95151,                0.72855,                 1.0151,             0.00056931,             0.00056931,             0.00056931
                     93,                0.57016,                0.41266,                 0.9077,                0.83773,                0.86614,                0.88786,                0.67441,                0.94821,                0.69892,                 1.0056,             0.00056869,             0.00056869,             0.00056869
                     94,                0.56937,                 0.4016,                0.90738,                0.88404,                0.83373,                0.88269,                0.67849,                0.94388,                0.67914,                 1.0138,             0.00056808,             0.00056808,             0.00056808
                     95,                0.56833,                 0.4036,                0.91109,                0.86527,                0.82745,                0.86869,                0.66239,                0.96441,                0.72053,                 1.0124,             0.00056746,             0.00056746,             0.00056746
                     96,                0.54857,                0.39402,                0.90481,                0.84741,                0.85308,                0.86781,                0.65888,                0.96398,                0.70379,                 1.0172,             0.00056684,             0.00056684,             0.00056684
                     97,                0.55902,                0.39767,                0.90889,                0.84443,                0.83282,                0.86462,                0.65242,                0.96277,                0.74341,                 1.0368,             0.00056622,             0.00056622,             0.00056622
                     98,                0.56341,                0.40176,                0.91111,                0.85739,                0.81733,                0.86918,                0.65334,                0.94657,                 0.7185,                 1.0233,              0.0005656,              0.0005656,              0.0005656
                     99,                0.56326,                0.40756,                0.91023,                0.86508,                0.80457,                0.85648,                0.64069,                0.95701,                0.72843,                 1.0276,             0.00056498,             0.00056498,             0.00056498
                    100,                 0.5492,                0.39458,                0.90262,                0.84529,                0.85112,                0.87431,                0.65458,                0.95794,                0.71963,                   1.03,             0.00056436,             0.00056436,             0.00056436
                    101,                  0.555,                0.40076,                0.90589,                0.87077,                0.81701,                0.87267,                0.66011,                0.93889,                0.68341,                 1.0027,             0.00056374,             0.00056374,             0.00056374
                    102,                0.55265,                0.39636,                0.89934,                0.82584,                0.83673,                0.86751,                0.65528,                 0.9603,                 0.6919,                 1.0227,             0.00056313,             0.00056313,             0.00056313
                    103,                0.55505,                0.39538,                 0.9071,                0.81109,                0.84787,                0.86966,                 0.6619,                0.94413,                0.70898,                 1.0245,             0.00056251,             0.00056251,             0.00056251
                    104,                 0.5537,                0.39712,                0.90277,                0.85809,                0.79706,                0.85873,                0.64644,                0.93092,                0.69862,                 1.0062,             0.00056189,             0.00056189,             0.00056189
                    105,                0.53921,                0.38895,                0.89526,                0.84426,                 0.8372,                0.87028,                0.66223,                0.93279,                0.69998,                 1.0098,             0.00056127,             0.00056127,             0.00056127
                    106,                 0.5566,                0.38976,                0.90613,                0.83182,                 0.8409,                0.86751,                0.65712,                0.94266,                 0.6877,                 1.0077,             0.00056065,             0.00056065,             0.00056065
                    107,                0.54366,                 0.3919,                0.90225,                0.83975,                0.82789,                0.87271,                 0.6631,                0.93299,                  0.734,                0.99474,             0.00056003,             0.00056003,             0.00056003
                    108,                 0.5512,                0.39391,                 0.9033,                0.84381,                 0.8652,                0.88231,                0.67126,                0.93215,                0.69052,                0.99932,             0.00055941,             0.00055941,             0.00055941
                    109,                0.54513,                0.38787,                0.89886,                0.81601,                0.85316,                0.87934,                0.66312,                0.93497,                0.70982,                 1.0058,             0.00055879,             0.00055879,             0.00055879
                    110,                0.54913,                0.38074,                 0.8992,                0.83847,                0.84569,                0.86811,                0.66119,                 0.9491,                0.70746,                 1.0199,             0.00055818,             0.00055818,             0.00055818
                    111,                0.54253,                0.38271,                0.89725,                0.86566,                0.82337,                0.86401,                0.65932,                0.94502,                0.69859,                 1.0124,             0.00055756,             0.00055756,             0.00055756
                    112,                0.53644,                0.37683,                 0.8928,                0.83832,                0.83174,                0.87013,                0.67134,                0.93493,                0.69146,                 1.0112,             0.00055694,             0.00055694,             0.00055694
                    113,                 0.5478,                0.38376,                0.89838,                0.83225,                0.81653,                 0.8512,                0.64804,                0.94882,                 0.7343,                  1.004,             0.00055632,             0.00055632,             0.00055632
                    114,                0.55262,                0.38545,                0.89999,                0.78946,                0.84191,                0.86505,                0.66171,                0.94074,                0.68318,                 1.0175,              0.0005557,              0.0005557,              0.0005557
                    115,                0.53375,                 0.3795,                0.89923,                0.83961,                0.82599,                0.86946,                0.66203,                0.93869,                0.68667,                  1.004,             0.00055508,             0.00055508,             0.00055508
                    116,                0.53723,                0.38357,                0.89899,                0.89291,                0.83844,                0.88009,                0.66627,                0.93249,                0.67173,                 1.0085,             0.00055446,             0.00055446,             0.00055446
                    117,                0.53429,                0.37193,                0.89702,                0.88011,                0.84301,                0.88133,                0.67108,                0.95054,                0.70098,                 1.0186,             0.00055384,             0.00055384,             0.00055384
                    118,                0.53174,                0.37604,                0.89304,                0.84488,                0.84755,                0.87481,                0.66808,                0.94418,                0.68337,                 1.0066,             0.00055323,             0.00055323,             0.00055323
                    119,                0.53192,                0.37155,                0.89756,                0.83601,                 0.8388,                0.86675,                0.66081,                0.93584,                0.69101,                 1.0124,             0.00055261,             0.00055261,             0.00055261
                    120,                0.52721,                0.37199,                0.89462,                0.83901,                0.85459,                0.87418,                0.66629,                0.95333,                 0.6942,                 1.0388,             0.00055199,             0.00055199,             0.00055199
                    121,                0.52566,                0.37017,                 0.8984,                0.83672,                0.83103,                0.86198,                0.65701,                0.96019,                0.72742,                  1.034,             0.00055137,             0.00055137,             0.00055137
                    122,                0.51982,                0.37093,                0.88975,                0.82994,                0.83015,                 0.8663,                0.66238,                0.94947,                0.73912,                 1.0206,             0.00055075,             0.00055075,             0.00055075
                    123,                0.52061,                0.37106,                0.89431,                 0.8467,                0.83437,                0.87308,                0.66396,                0.94187,                0.71911,                  1.016,             0.00055013,             0.00055013,             0.00055013
                    124,                0.52775,                0.36802,                0.89141,                0.87869,                0.82911,                0.87922,                0.66568,                0.95624,                0.69171,                 1.0307,             0.00054951,             0.00054951,             0.00054951
                    125,                0.52988,                0.38185,                0.89682,                0.82847,                0.83344,                0.86469,                0.66696,                0.93338,                0.71241,                 1.0136,             0.00054889,             0.00054889,             0.00054889
                    126,                0.52566,                0.37691,                0.89143,                0.85902,                0.81285,                0.86095,                0.66652,                0.94152,                0.71772,                  1.029,             0.00054827,             0.00054827,             0.00054827
                    127,                0.53222,                0.38281,                0.89563,                0.87188,                0.84243,                0.87192,                0.66265,                0.94241,                0.72313,                 1.0276,             0.00054766,             0.00054766,             0.00054766
                    128,                0.52265,                 0.3729,                0.89172,                 0.8493,                0.84134,                 0.8638,                0.65927,                0.96178,                0.70982,                 1.0442,             0.00054704,             0.00054704,             0.00054704
                    129,                0.52954,                0.38217,                0.90372,                 0.8748,                0.84139,                0.87341,                0.66623,                0.94694,                0.66076,                 1.0243,             0.00054642,             0.00054642,             0.00054642
                    130,                0.53394,                0.37722,                0.89276,                0.85772,                0.83123,                0.86795,                0.66326,                 0.9459,                0.67339,                 1.0281,              0.0005458,              0.0005458,              0.0005458
                    131,                0.52138,                0.37478,                0.89621,                0.85073,                0.83703,                0.87419,                0.65499,                0.95511,                0.70188,                 1.0326,             0.00054518,             0.00054518,             0.00054518
                    132,                0.52198,                0.36818,                0.88997,                0.86476,                0.81393,                0.86141,                0.66351,                0.93359,                 0.7379,                 1.0312,             0.00054456,             0.00054456,             0.00054456
                    133,                0.51779,                 0.3616,                0.89501,                0.86243,                0.80112,                 0.8603,                0.66292,                0.93716,                0.71962,                 1.0276,             0.00054394,             0.00054394,             0.00054394
                    134,                0.51784,                0.37117,                0.89116,                0.80776,                0.84914,                0.87527,                0.67124,                 0.9312,                0.69226,                  1.014,             0.00054332,             0.00054332,             0.00054332
                    135,                0.52511,                0.37504,                0.89292,                0.84234,                0.82849,                0.87156,                0.66425,                0.95802,                0.71217,                  1.034,             0.00054271,             0.00054271,             0.00054271
                    136,                0.52108,                0.36214,                0.88844,                0.85878,                0.82501,                0.87361,                0.66269,                0.94816,                0.71827,                 1.0191,             0.00054209,             0.00054209,             0.00054209
                    137,                0.50873,                0.35771,                 0.8871,                0.86298,                0.85382,                0.88376,                0.66507,                0.94466,                0.72084,                 1.0267,             0.00054147,             0.00054147,             0.00054147
                    138,                0.50737,                0.35957,                0.88928,                0.82229,                0.85004,                0.86645,                 0.6622,                0.96281,                0.71055,                 1.0387,             0.00054085,             0.00054085,             0.00054085
                    139,                0.51743,                0.36656,                0.89131,                0.86179,                0.83634,                0.87692,                0.65939,                0.96727,                 0.7011,                 1.0362,             0.00054023,             0.00054023,             0.00054023
                    140,                0.51005,                0.35818,                0.89308,                0.84931,                0.85214,                0.88117,                0.66267,                0.95138,                0.71072,                 1.0219,             0.00053961,             0.00053961,             0.00053961
                    141,                 0.5072,                0.35537,                0.88661,                0.83912,                0.84193,                0.87225,                0.66624,                0.95484,                0.73772,                 1.0315,             0.00053899,             0.00053899,             0.00053899
                    142,                0.51141,                0.35409,                0.88765,                0.81766,                0.85154,                0.86526,                 0.6554,                0.95781,                0.72758,                 1.0338,             0.00053838,             0.00053838,             0.00053838
                    143,                 0.5166,                0.36344,                0.89223,                0.85487,                0.80514,                0.87017,                0.66048,                0.96592,                0.72404,                 1.0362,             0.00053776,             0.00053776,             0.00053776
                    144,                0.51456,                0.35588,                0.88389,                0.85958,                0.82488,                0.87765,                0.65769,                0.95659,                0.71824,                  1.027,             0.00053714,             0.00053714,             0.00053714
                    145,                0.49977,                0.35196,                0.88713,                0.85513,                0.83742,                0.86674,                0.64539,                0.94673,                 0.7267,                 1.0295,             0.00053652,             0.00053652,             0.00053652
                    146,                0.49365,                0.34125,                0.88291,                0.88127,                0.81032,                0.86286,                0.65643,                0.94638,                0.66987,                 1.0207,              0.0005359,              0.0005359,              0.0005359
                    147,                0.51161,                0.35683,                0.88872,                0.85531,                0.82525,                 0.8666,                0.65281,                0.94883,                0.68928,                 1.0244,             0.00053528,             0.00053528,             0.00053528
                    148,                0.50542,                0.35724,                0.88738,                0.86892,                0.84785,                0.87917,                0.65674,                0.93419,                0.67736,                 1.0208,             0.00053466,             0.00053466,             0.00053466
                    149,                0.50013,                 0.3539,                0.89058,                0.83909,                0.85528,                0.87382,                0.65877,                0.94668,                0.68004,                 1.0116,             0.00053404,             0.00053404,             0.00053404
                    150,                0.50936,                0.36281,                0.88576,                 0.8445,                0.84914,                0.87147,                0.65219,                0.95069,                0.69643,                 1.0099,             0.00053343,             0.00053343,             0.00053343
                    151,                 0.5054,                0.35958,                0.88537,                0.84215,                0.85474,                0.87386,                0.66579,                0.93296,                0.69142,                 1.0034,             0.00053281,             0.00053281,             0.00053281
                    152,                0.49964,                0.35185,                0.88348,                0.85148,                 0.8636,                0.87666,                0.66468,                0.93135,                0.68719,                 1.0135,             0.00053219,             0.00053219,             0.00053219
                    153,                0.51268,                0.35283,                0.88827,                0.87483,                0.84415,                0.88221,                0.66373,                0.95051,                0.69484,                 1.0326,             0.00053157,             0.00053157,             0.00053157
                    154,                0.50269,                0.35128,                0.88572,                0.84533,                0.83971,                0.87276,                0.65558,                0.95503,                0.74728,                 1.0341,             0.00053095,             0.00053095,             0.00053095
                    155,                0.51856,                0.36465,                0.88471,                0.83763,                 0.8597,                0.87741,                0.66264,                0.95342,                0.69361,                 1.0213,             0.00053033,             0.00053033,             0.00053033
                    156,                0.49511,                0.35353,                0.88373,                0.83799,                0.84398,                0.87742,                0.66833,                0.93849,                0.68734,                 1.0253,             0.00052971,             0.00052971,             0.00052971
                    157,                0.49041,                0.34386,                0.88266,                0.86441,                 0.8455,                0.88192,                0.66623,                0.92902,                0.69298,                 1.0164,             0.00052909,             0.00052909,             0.00052909
                    158,                 0.4872,                0.34541,                 0.8796,                0.84535,                0.82968,                0.87414,                0.66921,                0.93379,                0.70375,                 1.0186,             0.00052848,             0.00052848,             0.00052848
                    159,                0.49843,                0.34723,                0.88427,                0.84002,                0.84661,                0.88467,                0.67069,                0.94681,                0.69979,                 1.0227,             0.00052786,             0.00052786,             0.00052786
                    160,                0.49361,                0.35137,                0.88529,                0.83506,                0.82129,                0.87018,                0.65301,                0.94207,                0.71011,                 1.0238,             0.00052724,             0.00052724,             0.00052724
                    161,                0.49661,                 0.3483,                 0.8867,                0.83955,                 0.8345,                0.86982,                0.66396,                 0.9365,                0.68983,                  1.022,             0.00052662,             0.00052662,             0.00052662
                    162,                0.49116,                0.34785,                0.88006,                0.85933,                 0.8184,                0.86441,                0.65538,                0.92701,                0.69705,                 1.0073,               0.000526,               0.000526,               0.000526
                    163,                 0.4884,                0.34345,                0.88071,                0.84282,                0.82656,                0.85303,                0.64059,                0.94791,                 0.7323,                 1.0226,             0.00052538,             0.00052538,             0.00052538
                    164,                0.48724,                0.34492,                0.88105,                0.87624,                0.82733,                 0.8736,                 0.6619,                0.93858,                0.70507,                 1.0104,             0.00052476,             0.00052476,             0.00052476
                    165,                0.48336,                  0.338,                0.87651,                0.86151,                0.83582,                0.87048,                0.66161,                0.95346,                0.71187,                 1.0237,             0.00052414,             0.00052414,             0.00052414
                    166,                0.48574,                0.34232,                0.87591,                 0.8382,                0.86086,                0.87941,                0.66651,                0.94311,                0.70548,                 1.0192,             0.00052352,             0.00052352,             0.00052352
                    167,                0.48444,                0.33768,                0.88118,                0.84424,                0.84083,                0.87194,                 0.6645,                0.93891,                0.69522,                  1.014,             0.00052291,             0.00052291,             0.00052291
                    168,                0.48674,                0.34314,                0.88194,                0.82815,                0.84038,                0.86799,                0.66392,                0.93495,                 0.6826,                 1.0247,             0.00052229,             0.00052229,             0.00052229
                    169,                0.47705,                0.34116,                 0.8799,                0.81898,                0.84444,                0.87135,                0.66346,                0.95126,                0.70045,                 1.0351,             0.00052167,             0.00052167,             0.00052167
                    170,                0.48239,                 0.3406,                0.88075,                0.84442,                0.81498,                0.86686,                0.65032,                0.95661,                0.70204,                 1.0481,             0.00052105,             0.00052105,             0.00052105
                    171,                0.48513,                0.33849,                0.88203,                0.82584,                0.85068,                 0.8766,                0.66938,                0.94034,                0.69269,                 1.0238,             0.00052043,             0.00052043,             0.00052043
                    172,                0.49127,                 0.3374,                0.87744,                0.86165,                0.82769,                0.87339,                0.66077,                0.94352,                0.71564,                 1.0263,             0.00051981,             0.00051981,             0.00051981
                    173,                  0.485,                0.34262,                0.87985,                0.85373,                0.83951,                0.86775,                0.66336,                0.95087,                 0.7283,                 1.0388,             0.00051919,             0.00051919,             0.00051919
                    174,                0.48679,                0.34501,                0.88226,                0.86186,                0.84185,                0.87081,                0.66042,                0.93598,                0.70174,                 1.0274,             0.00051858,             0.00051858,             0.00051858
                    175,                0.48839,                0.34331,                0.88142,                0.86804,                 0.8346,                0.88039,                0.67211,                0.93955,                0.69439,                 1.0215,             0.00051796,             0.00051796,             0.00051796
                    176,                 0.4773,                  0.339,                0.87833,                0.82859,                0.84598,                0.87047,                 0.6735,                0.94132,                0.69714,                 1.0177,             0.00051734,             0.00051734,             0.00051734
                    177,                0.48918,                  0.342,                0.88033,                0.83277,                0.85327,                0.87241,                0.67117,                0.94552,                0.68637,                 1.0185,             0.00051672,             0.00051672,             0.00051672
                    178,                0.48543,                0.34104,                0.88152,                0.87655,                 0.8146,                0.87252,                0.67035,                0.93501,                0.68886,                 1.0176,              0.0005161,              0.0005161,              0.0005161
                    179,                0.48384,                0.33927,                 0.8771,                0.87793,                  0.817,                 0.8785,                0.67024,                0.94577,                0.70667,                 1.0263,             0.00051548,             0.00051548,             0.00051548
                    180,                0.47563,                0.33458,                0.87544,                0.84158,                0.84909,                 0.8731,                0.67287,                0.93649,                 0.6857,                 1.0129,             0.00051486,             0.00051486,             0.00051486
                    181,                0.47883,                0.33385,                0.87769,                 0.8401,                0.85223,                0.87698,                0.66792,                0.94925,                0.70334,                 1.0295,             0.00051424,             0.00051424,             0.00051424
                    182,                0.47914,                0.33647,                0.87975,                0.85275,                0.81925,                0.86514,                0.66316,                0.94759,                 0.6995,                 1.0309,             0.00051363,             0.00051363,             0.00051363
                    183,                0.46594,                0.32872,                0.87433,                0.83005,                0.84418,                0.86651,                0.66304,                0.95047,                0.70054,                 1.0318,             0.00051301,             0.00051301,             0.00051301
                    184,                0.47792,                0.33128,                0.87795,                 0.8263,                0.85026,                0.87339,                0.66365,                 0.9597,                 0.7096,                 1.0361,             0.00051239,             0.00051239,             0.00051239
                    185,                0.48289,                0.33757,                0.88013,                0.84114,                0.85137,                0.88331,                0.67318,                 0.9255,                0.68789,                 1.0077,             0.00051177,             0.00051177,             0.00051177
                    186,                0.48677,                0.33654,                0.87839,                0.83765,                0.82188,                0.84932,                0.65121,                0.92936,                0.72475,                 1.0153,             0.00051115,             0.00051115,             0.00051115
                    187,                0.48777,                0.33812,                0.88301,                0.86521,                0.80024,                0.86337,                0.65506,                0.93776,                0.71959,                 1.0171,             0.00051053,             0.00051053,             0.00051053
                    188,                0.47117,                0.33836,                0.87752,                0.86555,                 0.8143,                0.87401,                0.66614,                0.94552,                0.69557,                 1.0216,             0.00050991,             0.00050991,             0.00050991
                    189,                0.47276,                 0.3315,                0.87759,                0.83684,                0.83425,                0.87507,                 0.6609,                0.94495,                0.71986,                 1.0169,             0.00050929,             0.00050929,             0.00050929
                    190,                0.47279,                0.32835,                0.87517,                 0.8672,                0.83777,                0.87911,                0.67157,                0.94587,                0.69057,                  1.032,             0.00050867,             0.00050867,             0.00050867
                    191,                0.46901,                 0.3253,                0.87592,                0.86648,                0.82928,                0.87558,                0.66992,                0.95101,                0.69708,                 1.0328,             0.00050806,             0.00050806,             0.00050806
                    192,                0.47572,                0.33224,                0.87571,                0.86991,                0.79283,                0.87057,                0.67015,                0.94172,                0.68993,                 1.0178,             0.00050744,             0.00050744,             0.00050744
                    193,                0.47034,                0.32616,                0.87446,                0.83296,                0.85553,                0.87528,                0.67203,                 0.9287,                0.67158,                 1.0147,             0.00050682,             0.00050682,             0.00050682
                    194,                0.47579,                0.32942,                0.87617,                 0.8575,                0.84527,                0.87676,                 0.6684,                0.94226,                0.69321,                 1.0337,              0.0005062,              0.0005062,              0.0005062
